ENSG00000204946.6,ENSG00000162408.10,ENSG00000089335.17,ENSG00000139890.6,ENSG00000137414.5,ENSG00000276234.1,ENSG00000134897.10,ENSG00000188636.3,ENSG00000163793.9,ENSG00000261678.2,ENSG00000149716.9,ENSG00000129946.7,ENSG00000102921.4,ENSG00000117528.8,ENSG00000108064.7,ENSG00000184277.9,ENSG00000158270.10,ENSG00000176273.11,ENSG00000103034.11,ENSG00000170615.11,ENSG00000182667.11,ENSG00000058673.12,ENSG00000185480.8,ENSG00000143882.6,ENSG00000144136.7,ENSG00000187266.10,ENSG00000142864.11,ENSG00000114631.10,ENSG00000089486.13,ENSG00000170927.11,ENSG00000138660.8,ENSG00000174720.12,ENSG00000213654.6,ENSG00000119314.12,ENSG00000174456.10,ENSG00000161249.17,ENSG00000266074.5,ENSG00000105948.10,ENSG00000183971.5,ENSG00000131711.11,ENSG00000130675.11,ENSG00000108654.8,ENSG00000118523.5,ENSG00000162975.4,ENSG00000143162.7,ENSG00000139044.7,ENSG00000172572.6,ENSG00000105649.6,ENSG00000162592.5,ENSG00000182621.13
1.04004629909244,0,0.0851373305624527,0.0191144655118629,0,0,0.0158391021423234,0.017372475334435,-0.0652365983924004,0,0.0151280833842205,0,0.0141147240998532,-0.0728827549438232,0,-0.0415019389709059,0.0627995877846484,0,0,-0.053976972859621,0,-0.0238448832310965,0,0.0741358799395478,0,0.0498816465326474,0,-0.153251168656368,-0.0209510671470181,0,0,-0.00527886126395768,0,0,0,0.0123999515609663,0.0666424127350558,0.0669716837368841,0.0500711726618834,-0.022267335598767,0,0,-0.0553731285979433,0,-0.0973328118265308,0,0.0233858207154454,0,0,-0.0201639896549987
0,1.0849498327261,0,0,0,-0.0159846672639031,0,-0.068295058272417,-0.114139012980497,-0.0875474142422553,0,0,0.00114867037725711,0,0,0,0.0023170457312152,-0.0212381501765111,0,0.0373279825893212,0.0802297636394321,0.00499580014803005,-0.148489582424496,0.0217775507347127,-0.0373577726670722,0.0762857555281692,-0.0534732904352327,-0.00709726017648305,0.0295610160730972,0,0,0.00462547222526737,0.0275342402121682,0,-0.184248429781377,-0.0177972456505174,0,-0.0391940948247305,0,0,-0.020558568050045,0,0,-0.0411395893594576,0.0557122578682717,0,-0.00831504742964263,0,0.0526476394883812,0.0350182619458035
0.0851365627167054,0,1.11746928728205,-0.171792114716298,0,-0.00206568027723573,0,-0.00586815110130878,0.0751899105281093,-0.0701673066862309,0,0,0,-0.0740536243439189,0,-0.022705605754605,0.0128438930397173,0,-0.02070929802386,0,0,0,0,0,0,-0.0076520730814108,-0.0521989849842921,0.0456375595625821,-0.159553713286238,0,-0.022058688622749,0,0.0217774650382247,-0.0557062751057248,0.01597135714628,0,-0.00898457207090966,0.10141254653231,0.0256918903448036,-0.0257605832955039,0,-0.142777201372099,0,-0.144408551536475,0,-0.119723119779407,0.0295073385000422,0.0223053064570569,0,0
0.019114479369054,0,-0.171792006205626,1.04215550606993,-0.0193204312895319,-0.0279854770952222,0,0,0,-0.00564425290455836,0,0.0154518814008847,-0.105034450304628,0.0333555514759127,0.0305461430404398,0,-0.182649891086008,0.000131023779764953,-0.0179966537483726,0,0,0.00353019122338789,0,0,-0.114580232429629,0,0,0.0310667379354813,-0.00268884320507458,0,0,0,0,0,0.0113497628878439,0,0,0.00760021057656965,0.00389797919625577,0,0,0,0,0.0732205703307948,0.0152188419478467,0,0.0413465217114188,0.0666097870199408,0.0495784063391757,0
0,0,0,-0.0193209129751689,1.11961650165957,0,-0.0836723582424204,0,0,0,0.0222931016260451,0,0,0,0,0.173545077158835,0.031150470009363,-0.0261480719297123,-0.061331970817954,0,0,0.00342343190778091,0.026428987148376,-0.00188718454659227,0,0.0409803425230092,0,-0.0142995023812867,0,0.0687405747365284,-0.0938193592318577,0,-0.170997223142041,0,0,0,0,0,0.0643274070802593,-0.0342244860399016,0,0,-0.155492738922308,0,0,0.172481223739904,0,-0.150562095932106,-0.00383888680239099,-0.00731646162764867
0,-0.0159837740686729,-0.00206506201324867,-0.0279850522131287,0,1.04537369470711,0.0429744081219138,0,-0.0126746027506393,0,0.0560862816047084,0,-0.0173136842189528,-0.0291605110276819,-0.00427617790598681,-0.0577443875184207,0,0,-0.0257203100275407,-0.0038948738306216,0,-0.0970868118245262,-0.109732366384554,0.0796744325151821,-0.128809213994341,0,0,-0.0573609111934511,-0.114761144873422,0,0,0,0,-0.121012979108031,0,-0.00972860055436235,-0.0633152903824426,0,0,-0.0106509603273033,0,0,0,0,0.0101208463859632,0,0,0,-0.0485126674833866,-0.00867019699882352
0.0158385168446807,0,0,0,-0.0836722869724653,0.0429746418975138,1.16329897839507,0,0.0202314523821607,0,-0.116444649171464,-0.0980568364947063,0,0,0.0458370014015027,0,0.115939490361699,0,0.258813635197038,0.0564854092516262,0,0,-0.139858319264133,0.0252616792772084,0,0,0,0,-0.110001707725999,0,-0.131112824998998,0,0.0309432690821568,-0.0483152431697941,0.052501011640646,-0.216693643311491,0,0,0,0.113495954073684,-0.0211125321814324,0,0.0106581365623048,0,-0.00587705868627663,0,0.129942408629133,0,0,0
0.0173721032274589,-0.068297115585247,-0.00586860313045983,0,0,0,0,1.38532416394592,0.0354308374150402,-0.342922290724029,0,0.0293155496070521,-0.12111753248896,0,0.0123967113886607,-0.0708036294060998,0.12576816519581,0,-0.0510675132701495,0,0,-0.0650885565306163,0,0,0,-0.29376994729459,0,0,-0.115650748071654,0,0,-0.00942109275675002,0.0363401412198128,0.0776330350267207,-0.128985427196288,0,-0.104645339887773,-0.118200389390105,0,-0.0265977973309108,0.0544034106669145,-0.0314020276166854,0,-0.251281630993489,-0.0224620804808905,0,0.0612114553730953,-0.13403293448989,0.0116364265631778,-0.0124245737872557
-0.0652368872435754,-0.114139331972235,0.0751897667439063,0,0,-0.0126743973700807,0.0202317945635648,0.0354328039909613,1.13457051219521,0,-0.070746436117825,0,0,-0.201818823963203,0,0,-0.0153233734225883,0.213442275901561,0.0733508747011007,0.0409394060839848,-0.135277922371397,0,0,0,0.0175630026999365,0.0156884165422596,0.0148091585075201,0,-0.0871300710506176,0,0.00355289491870827,0,0,-0.0243081231980231,0.060619835910497,0,0.125897872525405,0,0.0503188382772289,0,0,0,0,-0.0191330601917555,-0.00975307009377994,-0.0312153152141033,0,-0.0948255458641512,0.0212303104391335,-0.0659519535078289
0,-0.0875473579398289,-0.0701673232746306,-0.00564401688349269,0,0,0,-0.34292383177447,0,1.23903057541111,0.00425267333405999,0.116310372032166,0,0.0506471182482487,0,0.041358579607874,-0.0302649117842617,0,-0.0186919857092965,0,0,0.183229943847491,0,0.0461759079266094,0,0.0416159811297334,0,0,0,-0.00633401106825514,0.0866560464107331,0.00802912586712831,0,-0.0358426042637931,-0.134124741477163,-0.0794814671216545,0,0,-0.146732550462562,0,0,0,-0.0729720662278259,0,0,0.120676337514613,0,-0.200929653165246,0.0326796661784859,-0.0148968930344765
0.0151276020680271,0,0,0,0.0222938121663236,0.056084695241055,-0.116443619345103,0,-0.0707451653553323,0.00425401214945174,1.10524702020883,0,-0.10048713973902,-0.098859883100321,0,0.0394409516502292,-0.141756675593252,-0.0151219407758519,0.0695153425958834,0,0.0743811861702617,-0.03427737607473,-0.115703112355041,-0.0250141095010199,0,0,-0.0602378441818192,0.0354270945981568,0.0805905485696336,0,0,0,0.0224102017421599,-0.029729526444364,0.065332296997369,0,0,-0.0761020243452429,-0.182973196364903,0,0,-0.0165096443890862,0.0453241972697867,-0.0942595839692205,0,-0.0406821437068377,-0.0208407668636292,-0.046142373823957,0,0
0,0,0,0.0154511683808655,0,0,-0.0980569444747638,0.0293120851347697,0,0.116310773863292,0,1.15746285730859,0,-0.15655056273536,0.0248615282123704,-0.0409150784439046,0,-0.0869280313261346,-0.131971460247128,0.146699439789943,-0.140580228882436,0.039502394130686,-0.0780628818687033,-0.0802037661808364,0,0,0,-0.0648110490430139,0,0.146256502803272,0.226137174324669,0,0,0,0,0.0819004586619918,0.0456372451762595,0,0,0,0,0.0779511003013402,0.0274149890008809,0,0,-0.0527007207220385,0,-0.0554083832701042,0,0
0.0141147273584691,0.00114897618229306,0,-0.105034623059276,0,-0.0173139959933683,0,-0.121116960491141,0,0,-0.100488222741743,0,1.10480263677538,0.035298566470869,0.0856978408131806,0,-0.0189267411470823,0,-0.100733204197919,-0.133545095202211,-0.200162829754648,0,0.138068123819355,-0.0367582845087799,0,0,0.0384477453394256,-0.0104338537540153,0.0153199894702579,0,0,0,0,0.0246993764650485,0,0,0,0,0.0155282106548504,0.0330546701508423,0,0,0,0,0,0,0.00615810661422544,-0.0579997637018888,-0.125155617514738,-0.0752134921501632
-0.0728828135374206,0,-0.0740536156267997,0.0333558343058086,0,-0.0291606204826124,0,0,-0.201819610888922,0.0506456396853196,-0.0988575190549817,-0.156549040677262,0.0352978463674072,1.20081750289378,-0.0353849555967462,0,0,0,-0.0402252680069318,0,-0.041721223049958,0,0.0104341202995241,-0.0831102718160951,-0.0278556859084656,-0.047684440586483,-0.112626349083578,-0.0783149633775366,-0.0609220444136312,-0.0507442181083491,-0.109449171109853,0,0.0621317292167081,0.0319350938370994,-0.00614628465220677,0,0,0,0,0,-0.071193719644153,0,0,0,-0.247551943588495,-0.053320971393398,0.0640877310026731,-0.0944865843903718,0.011856980842966,0
0,0,0,0.030545786643481,0,-0.00427659569621909,0.0458369777262745,0.0123982020807689,0,0,0,0.0248627919516594,0.0856982835224794,-0.0353855525986982,1.05001967255655,0.00233494506074049,0,-0.163191045149928,-0.0866391110473558,0,-0.14893659855717,0,0.0391882401024811,0.0583862338250699,0,0.0315861987000248,0.0255012023916231,0,0,0.0613397057565089,-0.00255728157511184,0,-0.1033796300028,0,0,0,0,0,0,0,-0.0607393372534055,-0.0566994585752042,-0.0136818576281771,0.0144841342504999,0.0354150312028147,0,0,0.0156091859308244,0,-0.01637621747457
-0.0415017069427637,0,-0.0227043726800282,0,0.173545534379068,-0.0577450793450203,0,-0.0708072725485469,0,0.0413582543804345,0.0394449567954939,-0.0409174596035699,0,0,0.00233506487529583,1.29860136160535,0.0754387767526085,0,-0.080548315732863,0,0.275852406480408,-0.0350367234264698,0.0352001260746208,0.00920972190798059,-0.0784471281260668,-0.0833066820745661,0.0298805259233816,0,0,0,0,0.00447446068663497,0,-0.125685837379313,-0.0380142799006082,-0.0188330987367775,0,0,0,-0.134852276572762,0,-0.00668801266745304,0,0,-0.0368565255524644,-0.0200680964623192,0.122175620133327,-0.0354369540797933,0.0929865321315492,0.205259710772077
0.0627993704904277,0.00231704521207034,0.0128438560856044,-0.18264974266457,0.031150885858698,0,0.115940410521478,0.125768535660083,-0.0153239001809836,-0.0302637126509649,-0.141757219560037,0,-0.0189269018640326,0,0,0.0754384277345328,1.20867448976292,0.0651989320096996,0,-0.0249771211146886,-0.0530850247585935,0,0.0555345483577045,-0.0480742162532761,0.0406261030864464,0,-0.0793458686990484,0.0433969468384129,0,-0.185322032943279,-0.0448821151131292,0,0,-0.0251454571662055,0,-0.000773117497163522,0,0,0,0,0,0,-0.013507841643514,0,0,-0.0769106014783422,-0.130786944807331,-0.0706243221274722,-0.242736662847381,0
0,-0.0212391620518976,0,0.00013147610429404,-0.0261480065738523,0,0,0,0.213441992702857,0,-0.0151209483894577,-0.0869287352108206,0,0,-0.163190969084623,0,0.0651986841069028,1.20413568877661,-0.0544818560394367,0.0635827651965984,0.0825904527465189,0.122185447076778,0,0,-0.0133684776277034,0.0126365789395011,-0.111051578979505,0,0,0.112089385508525,0,-0.0133132046712758,-0.231696381248585,0.0802826600136672,-0.0119743771495883,-0.086190513049125,0,0,0.0082627302071532,-0.0731280261107861,0.078760539843727,0,0,-0.125672440311209,0.000760942677826112,0,0,0,0,-0.027974413324486
0,0,-0.0207094474008112,-0.0179968541516918,-0.061332021988484,-0.0257204422635775,0.258816839683739,-0.0510687221123847,0.0733486623157343,-0.0186919440332519,0.0695158284137715,-0.131974044731415,-0.100735769878602,-0.0402273834002112,-0.0866404057158699,-0.0805440324487383,0,-0.0544827867984541,1.33758505572626,0,0,0.000328201252794288,0.0158124049554298,0.0205801632588619,-0.0504671452347152,0,0,0,0,0.0101092675487308,-0.11433589359924,0,-0.0257567124804538,-0.216875658493053,0.0168782067002394,0,0.125905706243279,0,0,-0.286261161788415,-0.0275063117810256,-0.109444445341449,-0.00265456554661474,-0.0991579129572288,0,0.0153706613529227,0,-0.0625610554824199,0,0
-0.0539766717835536,0.037328419913605,0,0,0,-0.00389475581810445,0.0564851988352928,0,0.0409401981213409,0,0,0.14669976821042,-0.133544456112125,0,0,0,-0.0249784222605811,0.0635830628013636,0,1.11228996988782,0,0,0,0.0125528074574988,0,0.0312925537950457,0,0,0,0,0.0576776364448779,0,0,0,0,0.0567962246316121,0,-0.0191986713312257,-0.145980911215628,0.0460898383094057,-0.202424233506155,0,0.0193114041613806,-0.00113003522677753,0,0.078565529949475,0.00744737879928621,0.0524126000033535,0,-0.0876772785960788
0,0.0802310908702764,0,0,0,0,0,0,-0.135278035678757,0,0.0743826846350894,-0.140581821901153,-0.200163560274348,-0.0417220068405076,-0.148937377359366,0.275853556136763,-0.0530849337663686,0.0825897028511357,0,0,1.4124293352915,0.0702573441671278,0,0,0.0842343347453691,0.0454214654241781,0,-0.168134812147603,0,0,0,0,0,0.0170726667150855,0,0,-0.278067643832606,0,0.0238714714024256,0.0695502286392001,0.294825631251201,-0.0733309437246541,0,0.122538386548183,0,0,0.0548234948043666,-0.0331090533432849,-0.042317433676062,-0.185244165721831
-0.023845242018608,0.00499550669045459,0,0.0035301873290568,0.00342389279639966,-0.0970875522679032,0,-0.0650883014617162,0,0.183229735813803,-0.0342774461531099,0.0395019048611018,0,0,0,-0.0350350065189123,0,0.122186048884755,0.000330408745529706,0,0.0702575698302168,1.11421091518557,0.00375225796537246,0,0,-0.0563095740434216,0.00365723199432381,-0.0259379652362994,0.00148952692638082,0,0.0805141401953317,0,0,0.0183950499524359,0.0784193317532354,0,0,-0.208115762228294,0.0670593018117008,-0.00184109821994113,0.00525237765399517,0,0,-0.054568526617146,-0.166204639737718,0,0,0,0,-0.0449638283868403
0,-0.148490076447536,0,0,0.0264292182198338,-0.109732434776766,-0.139859579366407,0,0,0,-0.115703009660101,-0.0780620289246003,0.138067912373464,0.0104337591520008,0.03918774235295,0.0352004161292313,0.0555346715614064,0,0.0158123689645573,0,0,0.00375275253212508,1.11795832583684,0,0.0876001792763661,0,0,0.0916618934992817,-0.0689596113934999,0,0.101622312377082,-0.0100079793452011,0,0,0,0,0,-0.00637190474248634,0,0,0.032310968886172,0.0387561167502429,0,-0.148133881896305,0,0,0,-0.0992554551286486,0,0
0.0741355432392975,0.0217776869846417,0,0,-0.00188729952884961,0.0796745186305948,0.025261976734299,0,0,0.0461759775476803,-0.025013816165188,-0.080205246820368,-0.0367588454214531,-0.0831100966065212,0.0583853957876724,0.00920937100193114,-0.0480741151868366,0,0.0205806750639213,0.0125532530286954,0,0,0,1.10085025226784,0.000901611734442736,0,0.126472542064234,-0.218649315970307,0.062748869770047,-0.0542945143274889,0.0912692072098761,0.0622674267188511,0,-0.0421056423944538,0,0.064063597650301,0,-0.0938510885685736,0.012135442866616,0,0,0.000287811542650384,0,-0.0642061129000765,0,-0.0296586525147394,0,0,-0.0516769745188598,0
0,-0.0373580837084057,0,-0.114579989431034,0,-0.128808839007439,0,0,0.0175629860096612,0,0,0,0,-0.0278567553053637,0,-0.0784467459431089,0.0406266003883493,-0.0133658829424614,-0.0504656085599137,0,0.0842354130209439,0,0.0876006642893408,0.000901177727764458,1.19769891222911,-0.0403141741411995,-0.0878050693026004,-0.188980238644198,0.160398502182122,0.167251487633758,-0.0166312183882507,0.0579280538223007,0.120138767307214,0.0582718039937559,0,0,0.078059626833576,0,-0.073262234231813,-0.191001328447135,0.141691113414595,0,0,0,0,0,0.0387303363825344,0.00524397073116859,-0.06976421377543,0.0127895852397735
0.049881546078644,0.0762852801411868,-0.0076518299771743,0,0.0409805326647792,0,0,-0.293770701586733,0.0156880786514648,0.0416151761140199,0,0,0,-0.0476854810382756,0.0315863154491542,-0.083307370777363,0,0.0126357881995586,0,0.0312923245969946,0.0454234461777743,-0.0563091214227409,0,0,-0.0403155460776947,1.10561997604729,0,0,-0.0191075865549632,0.0688089044463387,0,-0.102909650959806,0,0,0,0,0.0238688098018895,0.099449255803862,0,0,0,0,0,0,-0.0988322999347412,0,0.010979812846588,0.0815382839816615,0,0
0,-0.0534728645741338,-0.0521994085634558,0,0,0,0,0,0.014809169944449,0,-0.0602365052663429,0,0.0384472486639812,-0.112624783700039,0.0255006386165391,0.0298796923677055,-0.0793472950683071,-0.111052693334553,0,0,0,0.00365812644175763,0,0.12647212499778,-0.0878029278923682,0,1.18775713928826,0.0192302327869032,0.0650033355807236,0,0,-0.0353378935211029,-0.00828141165912275,0,-0.237051118767163,-0.0912071793333828,0.0231014193570011,-0.030960966704561,0,-0.000324446228988191,-0.311587232281606,0,0.056883731012497,-0.00485581802233601,0.0508460434572638,0.0915042637345265,0,-0.0508720164266683,0,0
-0.153250895962493,-0.0070970149783059,0.0456370208222251,0.0310668078878379,-0.0142988209115712,-0.0573604153344225,0,0,0,0,0.0354264385104034,-0.0648113450540253,-0.0104340104073618,-0.0783148515120316,0,0,0.0433955610115863,0,0,0,-0.168134154774186,-0.0259379996503943,0.0916617546434138,-0.218649201029293,-0.188980602480565,0,0.0192283855156545,1.15548581667948,0.0505494197448474,0,0,0,0,0,0,0.00917638912816329,0.0411012904658069,0,0,0,0,0,0.0217054070852396,0,0.0651219787064135,0,0.0705787397465462,-0.114200223463324,-0.0353850357229334,-0.0289241636249826
-0.0209505984393002,0.0295604892973199,-0.1595545647857,-0.0026881834194893,0,-0.114760378888987,-0.110000227620105,-0.115651680483084,-0.0871314572819893,0,0.0805889994562268,0,0.0153195033759508,-0.0609247839757015,0,0,0,0,0,0,0,0.00148936257053933,-0.0689602264216512,0.0627494842947656,0.160399237471626,-0.0191068653530109,0.0649978086490533,0.0505493596439271,1.21453815123093,0,-0.087188652722335,0,0,0,0,0.0586436811777036,0.144493343571104,0,0.0028986085273137,-0.184341965557596,0.031053961389938,-0.145431118323287,0,0.0165410850928668,0,0.0922012837149014,0.0638877017947076,-0.0714551422508483,0,-0.0080640574034433
0,0,0,0,0.0687413196063126,0,0,0,0,-0.00633079805014236,0,0.146256664914102,0,-0.0507440088133155,0.0613400080125485,0,-0.185321465789009,0.112089295384059,0.0101108876812339,0,0,0,0,-0.0542944665803183,0.167251479242961,0.0688085206848957,0,0,0,1.19830782898433,0,0.0905517279648678,0,0,-0.0137823532496126,0,0.0627088706188649,0.0492430220594443,-0.05127988638246,-0.0355379000436107,0.117419037652679,0.0558759743900431,0.21422975236843,0,-0.113094105121479,0.0721956971051461,-0.213214567016046,-0.00698831403353207,0,0.107194544067033
0,0,-0.0220593624177121,0,-0.0938195533941617,0,-0.131111970392153,0,0.00355302833912211,0.0866558255679648,0,0.226135697859633,0,-0.109450530212581,-0.00255743633850558,0,-0.0448806339846081,0,-0.114337419885011,0.0576781886164962,0,0.0805133325608723,0.101621828657403,0.0912693869278017,-0.0166334674076876,0,0,0,-0.0871915443440855,0,1.10440554069151,0,0,-0.0141455405838567,0,0,-0.0202282714379586,0.0658790086446186,-0.0564827440666852,-0.0785587117536969,0.118056993355339,-0.0109339312133614,0,0,0,0.0151898641991402,0,-0.0128993165833066,-0.0123415188223503,0
-0.00527943533799343,0.00462521500751963,0,0,0,0,0,-0.00942179300504315,0,0.00802980124152045,0,0,0,0,0,0.00447319194955168,0,-0.0133129768242335,0,0,0,0,-0.0100080619993114,0.0622670851579648,0.0579291470850626,-0.102909792021814,-0.0353378770874919,0,0,0.0905533567670391,0,1.0457186792386,0,0,0,-0.000694773045306283,-0.0938509948707525,0.183269601691316,0.0465695058953385,0,0.0348035062321657,-0.0865200748374484,0,-0.0456187257075826,0,-0.0775971842367546,0,-0.00851984901395509,-0.13039589145077,0
0,0.0275347286186794,0.0217771680755536,0,-0.170998045231511,0,0.0309432738273508,0.0363411907007722,0,0,0.0224098410392266,0,0,0.0621320742785385,-0.103379701283008,0,0,-0.231696109255323,-0.0257567116016943,0,0,0,0,0,0.120138868917292,0,-0.00828072543186407,0,0,0,0,0,1.11923431328041,0,0.0214526668621156,-0.0931036952215508,0,-0.1997178767802,0,0,0,0.0210862348826517,0.00729520013774708,0.0197764429069617,0,0.0147871871244417,0,0,0,0
0,0,-0.0557067435096089,0,0,-0.121012197773835,-0.0483143400292672,0.0776336048698495,-0.0243086386824942,-0.0358431010602925,-0.0297290165784055,0,0.0246992795628057,0.0319358197775102,0,-0.125683221111078,-0.0251457541873782,0.08028239734518,-0.216873314597901,0,0.0170755845842524,0.0183948465487082,0,-0.0421049837720757,0.0582707462248068,0,0,0,0,0,-0.0141460008362375,0,0,1.12700751271436,0,0,0.00134586610140912,-0.168308197220696,0,-0.0583681575504198,-0.0899930314696123,-0.022401193541972,0.137711967669538,-0.00708140090639402,0,-0.109676005587919,0,0,0,-0.0284650509423935
0,-0.184246699707589,0.015968374451594,0.0113500073136762,0,0,0.0524987807242819,-0.128987553013507,0.0606181716466169,-0.134123887743209,0.065332878720283,0,0,-0.0061479347614267,0,-0.0380142042431774,0,-0.0119746078421359,0.0168796508916282,0,0,0.078417399148181,0,0,0,0,-0.237048568207156,0,0,-0.0137751616162061,0,0,0.0214514632659886,0,1.15101154149981,0,0,0,0.101585298422061,-0.0096657131529178,-0.0167907676440765,-0.0925322306706391,0.0574722760405674,-0.0356411888351299,0,0,0.00079698151070474,0,0.00112343424901725,0.0594281850364479
0.012399650174354,-0.0177976484717988,0,0,0,-0.00972856402327138,-0.216693805891642,0,0,-0.079481424744837,0,0.0819001362032715,0,0,0,-0.0188334740124811,-0.000772408322403317,-0.0861904039536879,0,0.056796543252811,0,0,0,0.0640634185372346,0,0,-0.0912080898632954,0.00917613740101106,0.0586433443210664,0,0,-0.000694485366298601,-0.093103703783927,0,0,1.0858963076652,0.00551269188391914,0,0,0,0,0,0,0,0,-0.189199109829362,0,-0.0016147435358531,0,-0.119447645808583
0.0666422110415612,0,-0.00898498118862841,0,0,-0.0633152728115213,0,-0.104645280200284,0.1258985092115,0,0,0.0456367131697948,0,0,0,0,0,0,0.125905200708919,0,-0.27807094365259,0,0,0,0.0780601728173728,0.0238681727381091,0.0231032790120311,0.041100747872049,0.144494083335044,0.0627089286833735,-0.0202294151928766,-0.0938498882174435,0,0.00134660612146679,0,0.00551254137305248,1.203857097407,-0.0146694110374144,-0.010080954171337,0.179482572775384,-0.058091607210701,-0.041349352291974,-0.191854367946456,0,0,-0.0614419550065536,-0.00556401887510067,0,-0.0256459407981808,0.0507724058807258
0.0669716065401598,-0.0391945993321105,0.101413437478486,0.00760050632450565,0,0,0,-0.118202415491919,0,0,-0.0761014398916163,0,0,0,0,0,0,0,0,-0.0191988057976724,0,-0.208115745351196,-0.0063723054046389,-0.093851664323477,0,0.0994488174169912,-0.0309628057866965,0,0,0.0492440522499881,0.0658788379944757,0.183269651172988,-0.199717491523827,-0.168308259340323,0,0,-0.014669708106841,1.2170863703453,0,0,0.0314171338514539,-0.26958720461702,0,0.101897247774307,0,0,0,0,-0.138340702605965,-0.0521536213500203
0.0500711471001805,0,0.0256924729123175,0.0038979980285468,0.0643274658160353,0,0,0,0.0503188072751023,-0.146732307894487,-0.182973023441562,0,0.0155283002064519,0,0,0,0,0.0082632907343194,0,-0.145981658954476,0.0238712149004662,0.0670593084518392,0,0.0121347920506321,-0.0732634362231004,0,0,0,0.00289734927952,-0.0512802397682293,-0.0564829739751207,0.0465703670597711,0,0,0.101583019855126,0,-0.0100785854318766,0,1.16435081958425,-0.07953504300934,-0.262841887103255,0.0952908323386325,0,0.0708042659483966,0.0252298184957288,0,0,0,-0.0642683528434505,0.0596378650115475
-0.0222681577140935,0,-0.0257657386344849,0,-0.0342253938766492,-0.0106507222536252,0.113494104606924,-0.0265996650517335,0,0,0,0,0.033055134171994,0,0,-0.1348487960615,0,-0.073129559541297,-0.286259002865239,0.0460908107439753,0.0695504116119198,-0.00183861518113557,0,0,-0.191000599852133,0,-0.00032697812471589,0,-0.184338622211836,-0.0355361183936576,-0.0785603107519901,0,0,-0.0583661273235774,-0.00965504152766036,0,0.179480580362198,0,-0.0795367598918997,1.60899693429872,0.0922929160968031,-0.0570480416236078,-0.0827728561811326,-0.0188854180137972,-0.0198258397063355,0,0.35128096696553,-0.398160938092027,-0.0576006661301583,0
0,-0.0205590459168356,0,0,0,0,-0.0211138047987078,0.0544013635193275,0,0,0,0,0,-0.0711965680276259,-0.0607386425545233,0,0,0.0787600699991507,-0.0275063660890357,-0.20242329312186,0.29482387936361,0.00525178285480744,0.0323098976512589,0,0.141688518863997,0,-0.31158769333024,0,0.0310497057262171,0.117422732256823,0.118056469147023,0.0348029619803667,0,-0.0899943217463039,-0.0167867792473551,0,-0.0580898517417809,0.0314167614842985,-0.262841557193296,0.0922887064736449,1.31802982526524,0,0,0.0345064387356175,0.00373299561393447,0,0.133878127085327,0.114713599885657,0,0.0120042538337504
0,0,-0.142776959899375,0,0,0,0,-0.0314003647549631,0,0,-0.0165107548822572,0.0779510334415977,0,0,-0.0566995117162254,-0.00668677481513165,0,0,-0.109442010655693,0,-0.0733291218467403,0,0.0387565192684624,0.000288290189398248,0,0,0,0,-0.145429017179388,0.0558728811445621,-0.0109335576855873,-0.08651958023288,0.0210860588539104,-0.0224012568902841,-0.0925313324113965,0,-0.0413492177796596,-0.269586841538448,0.0952904635707109,-0.0570465853202968,0,1.18259467930088,-0.068576608162525,0,-0.112958316157106,-0.053844298899754,0.04463180247647,-0.00684685179816292,0.0885448253721437,-0.0625876351642023
-0.0553730124226149,0,0,0,-0.155492211272795,0,0.0106581900596375,0,0,-0.0729713039277046,0.0453258168926751,0.0274147359889425,0,0,-0.0136819568867153,0,-0.0135073079510956,0,-0.0026542011939524,0.0193111891172525,0,0,0,0,0,0,0.0568820710081127,0.0217058877002886,0,0.214230358058432,0,0,0.00729553949221295,0.13771078548895,0.0574678609127624,0,-0.191854054736867,0,0,-0.0827764759187996,0,-0.0685760144867519,1.17705117883553,0.018561368345211,-0.146369622456699,-0.0192050546588658,-0.3012537996465,0.0351502069426926,0,0
0,-0.0411393514249628,-0.144409211420223,0.0732203685755647,0,0,0,-0.251282893964802,-0.019133419319397,0,-0.0942603171430553,0,0,0,0.0144845327391416,0,0,-0.125672490003874,-0.0991580162985625,-0.00112998372341724,0.122539950544462,-0.0545681444853983,-0.148134315509407,-0.0642063332736968,0,0,-0.00485594157096104,0,0.0165407613963142,0,0,-0.0456187036612822,0.0197761666757172,-0.00708111181280713,-0.0356389053783745,0,0,0.101897658323866,0.0708043881814547,-0.0188871198208259,0.0345083441292356,0,0.018561868408447,1.20881150272227,-0.176867673423825,0.135742915693409,0,0,0.0209521510269977,-0.051775066369402
-0.0973328214158988,0.0557123956647232,0,0.0152189004516206,0,0.0101208263265221,-0.00587761843657901,-0.0224628469152326,-0.00975289491815437,0,0,0,0,-0.24755231877816,0.035414622670555,-0.0368568446445977,0,0.000760804054037337,0,0,0,-0.166204613736151,0,0,0,-0.0988322222668083,0.0508454952814911,0.0651217730823527,0,-0.113093726228181,0,0,0,0,0,0,0,0,0.0252298636908058,-0.0198272225390009,0.00373276951654822,-0.112958980452004,-0.146369418105749,-0.176867804127652,1.16323999067619,-0.0334813344208658,0,0,0.0175971933230755,0
0,0,-0.119723389154019,0,0.1724810828794,0,0,0,-0.0312156242956817,0.120675372553692,-0.0406826093481525,-0.0527005704087053,0,-0.0533206439885702,0,-0.0200663000882917,-0.0769122810008681,0,0.0153721283526839,0.0785654743129165,0,0,0,-0.0296588615223554,0,0,0.0915035568979611,0,0.0922031608519701,0.0721936325716053,0.0151898699557272,-0.0775973737575585,0.0147870729378744,-0.109675482621382,0,-0.189199065482969,-0.0614430290353932,0,0,0,0,-0.053843253931454,-0.0192073619187392,0.135744213039408,-0.0334807430653613,1.12440836180697,-0.011716158504558,-0.105774632160577,0.072542436408118,0.0201398237566798
0.0233857986015094,-0.00831406951323156,0.0295056470387548,0.0413468874551836,0,0,0.129942356044917,0.0612123972877857,0,0,-0.0208405987596552,0,0.00615765334285627,0.0640876652831552,0,0.122177384088586,-0.13078836785874,0,0,0.00744828954516378,0.0548184885498954,0,0,0,0.0387297272958723,0.010979721067963,0,0.0705789208875154,0.0638885064683349,-0.213214088446643,0,0,0,0,0.000799067351972823,0,-0.00556313292262082,0,0,0.351284531721381,0.133877043232635,0.0446333107484919,-0.301254119303962,0,0,-0.0117159791642283,1.32173394681302,0,0,-0.0993519501205171
0,0,0.0223063175332339,0.0666100048155445,-0.150562532585769,0,0,-0.134034057936887,-0.094824936464256,-0.200930879565351,-0.0461422345936681,-0.0554084702504918,-0.0580004862323967,-0.0944873929262553,0.015609270841481,-0.0354393819775778,-0.0706235539099853,0,-0.0625613463286958,0.0524129541289687,-0.0331091580674622,0,-0.0992563452810323,0,0.00524366464191649,0.0815386024079343,-0.0508728788364987,-0.114200289958782,-0.0714564883198158,-0.0069878327855551,-0.0128987300126367,-0.00851949635032079,0,0,0,-0.00161442169469886,0,0,0,-0.398162419846122,0.114713158846431,-0.006847562121837,0.0351512917975143,0,0,-0.10577596742916,0,1.34056033969815,0,0.0929475361936847
0,0.0526480508690192,0,0.0495784842823013,-0.00383868615285888,-0.0485129330653459,0,0.0116365076957286,0.0212297934512835,0.0326795515719095,0,0,-0.125155109127911,0.0118572532607298,0,0.0929862058737471,-0.242736530129641,0,0,0,-0.0423175296035275,0,0,-0.051677224049142,-0.0697649475983153,0,0,-0.0353849573340152,0,0,-0.0123415927434477,-0.130395993774728,0,0,0.00112210969818175,0,-0.025645742692442,-0.138340772067345,-0.0642687333533977,-0.0575996406976114,0,0.0885452307597491,0,0.0209525288996023,0.0175970766035456,0.0725429104716119,0,0,1.10159050677604,0.067543278287735
-0.0201639072977793,0.0350185271714719,0,0,-0.00731651476188559,-0.00867098148366729,0,-0.01242632505908,-0.0659521477156183,-0.0148970615683955,0,0,-0.0752133502043496,0,-0.0163763249856795,0.205259738104925,0,-0.0279747462127642,0,-0.0876778069887902,-0.185244854806505,-0.0449641361738747,0,0,0.0127891558288421,0,0,-0.0289242929014623,-0.00806494542903547,0.107195366754467,0,0,0,-0.0284659114651027,0.0594267477660499,-0.11944739114327,0.0507731944309165,-0.0521536452162774,0.0596375725760907,0,0.0120042907195843,-0.0625875922375451,0,-0.0517751030906793,0,0.0201405559485012,-0.0993508305410862,0.0929474556359989,0.0675437705286021,1.13260277361657
